hour,action,delta,soc,soc_before,dod_morning,dod_evening,p_battery,p_pv_raw,p_pv_grid,p_bess_em,p_reserve,price_em,price_as,revenue_pv,revenue_energy,revenue_reserve,degradation_cost,reward,q1_eval,q2_eval,cumulative_revenue,cumulative_degradation,cumulative_profit,time_to_peak_hour_raw,k,weekday,season,price_em_raw,price_as_raw,p_res_total_raw,soc_raw,dod_raw,price_em_max_morning,price_em_max_evening,k_em_max_morning,k_em_max_evening,price_em_min,k_em_min,price_as_min,price_as_max,time_to_peak_hour,season_name,eval_date
0,7.693283510246118e-12,-7.693283510246118e-12,0.5000000000031982,0.5,3.1982194670376884e-12,0.0,-1.1539925265369178e-11,0.0,0.0,-1.1539925265369178e-11,1.4000000000000001,84.48000000000002,0.1218438238360433,0.0,-9.748928864183884e-10,0.17058135337046063,5.048717303599014e-12,0.0008529067619525952,8.3833646774292,7.043176651000977,0.17058135239556774,5.048717303599014e-12,0.17058135239051903,7.0,0.0,1.9999999701976776,0.0,84.47999831780791,0.12184352189449091,0.0,0.5,0.0,158.96000035703182,155.9200036406517,7.0000001192092896,16.999999940395355,69.98999930888414,3.0000000596046448,0.12184381789137742,4.97146951909499,6.999999895691872,winter,2025-01-08
1,5.6399824047148606e-12,-5.6399824047148606e-12,0.5000000000055428,0.5000000000031982,5.542788450441094e-12,0.0,-8.459973607072291e-12,0.0,0.0,-8.459973607072291e-12,1.4000000000111938,75.07,0.24851314564578963,0.0,-6.350902186829168e-10,0.34791840390688733,3.7012384530941264e-12,0.0017395920163404794,4.175048828125,4.2628889083862305,0.5184997556673648,8.74995575669314e-12,0.5184997556586148,6.0,0.9999997615814209,1.9999999701976776,0.0,75.06999712184071,0.24851351158812082,0.0,0.5000000000031982,0.0,158.96000035703182,155.9200036406517,7.0000001192092896,16.999999940395355,69.98999930888414,3.0000000596046448,0.12184381789137742,4.97146951909499,5.999999955296516,winter,2025-01-08
2,0.9966816306114197,-0.9966816306114197,0.8880000000001662,0.5000000000055428,0.3880000000001662,0.0,-1.3999999999806003,0.0,0.0,-1.3999999999806003,1.4000000000194,72.94,0.25333864361949454,0.0,-102.11599999858498,0.3546741010722071,12.24999999983025,-0.5700566294867151,-29.26038932800293,-28.26085662841797,-101.2428261418454,12.249999999839,-113.4928261416844,5.0,2.0000002086162567,1.9999999701976776,0.0,72.93999967619777,0.2533389675491468,0.0,0.5000000000055428,0.0,158.96000035703182,155.9200036406517,7.0000001192092896,16.999999940395355,69.98999930888414,3.0000000596046448,0.12184381789137742,4.97146951909499,4.999999701976776,winter,2025-01-08
3,0.9878266453742981,-0.9878266453742981,0.899640000000005,0.8880000000001662,0.399640000000005,0.0,-0.041999999999418336,0.0,0.0,-0.041999999999418336,1.5,69.99000000000001,0.24127489868523225,0.0,-2.9395799999592898,0.3619123480278484,0.36749999999491034,-0.014725838259631759,-14.300877571105957,-17.573986053466797,-103.82049379377685,12.61749999983391,-116.43799379361076,4.0,2.9999999701976776,1.9999999701976776,0.0,69.9899972435832,0.24127482172752535,0.0,0.8880000000001662,0.3879999965429306,158.96000035703182,155.9200036406517,7.0000001192092896,16.999999940395355,69.98999930888414,3.0000000596046448,0.12184381789137742,4.97146951909499,3.999999761581421,winter,2025-01-08
4,0.15753582119941711,-0.15753582119941711,0.8999892000000002,0.899640000000005,0.39998920000000016,0.0,-0.0012599999999826084,0.0,0.0,-0.0012599999999826084,1.5,83.14,0.24127489868523225,0.0,-0.10475639999855406,0.3619123480278484,0.011024999999847821,0.0012306547401472324,-15.428516387939453,-14.354761123657227,-103.56333784574755,12.628524999833758,-116.19186284558131,3.0,3.9999997317790985,1.9999999701976776,0.0,83.14000310495496,0.24127482172752535,0.0,0.899640000000005,0.3996400013566017,158.96000035703182,155.9200036406517,7.0000001192092896,16.999999940395355,69.98999930888414,3.0000000596046448,0.12184381789137742,4.97146951909499,2.9999998211860657,winter,2025-01-08
5,0.9994931221008301,-0.9994931221008301,0.899999676,0.8999892000000002,0.39999967599999997,0.0,-3.779999999953265e-05,0.0,0.0,-3.779999999953265e-05,1.5,110.43,0.27505338450116473,0.0,-0.004174253999948391,0.4125800767517471,0.00033074999999591065,0.0020403753637590143,-5.739781379699707,-6.172432899475098,-103.15493202299575,12.628855749833754,-115.7837877728295,2.0,5.000000178813934,1.9999999701976776,0.0,110.42999707952143,0.27505301345470723,0.0,0.8999892000000002,0.39998920261859894,158.96000035703182,155.9200036406517,7.0000001192092896,16.999999940395355,69.98999930888414,3.0000000596046448,0.12184381789137742,4.97146951909499,1.9999998807907104,winter,2025-01-08
6,1.0,1.0,0.4581734609779087,0.899999676,0.4418262150220913,0.0,1.5,0.0,0.0,1.5,0.0,132.36,0.39689720833720804,0.0,198.54000000000002,0.0,16.406249999999996,0.9106687500000001,14.129218101501465,17.300687789916992,95.38506797700427,29.03510574983375,66.34996222717052,0.0,5.999999940395355,1.9999999701976776,0.0,132.3600006171316,0.3968975471873112,0.0,0.899999676,0.3999996781349182,158.96000035703182,155.9200036406517,7.0000001192092896,16.999999940395355,69.98999930888414,3.0000000596046448,0.12184381789137742,4.97146951909499,0.0,winter,2025-01-08
7,1.0,1.0,0.1,0.4581734609779087,0.799999676,0.0,1.2536071134226805,0.0,0.0,1.2536071134226805,0.2463928865773195,158.96,1.278756963031735,0.0,199.2733867496693,0.31507661935223585,27.422655606121133,0.8608290388145019,31.843936920166016,36.08895492553711,294.9735313460258,56.45776135595489,238.51576999007094,0.0,7.000000044703484,1.9999999701976776,0.0,158.95999994192275,1.2787569598911295,0.0,0.4581734609779087,0.4418262168765068,158.96000035703182,155.9200036406517,7.0000001192092896,16.999999940395355,69.98999930888414,3.0000000596046448,0.12184381789137742,4.97146951909499,0.0,winter,2025-01-08
8,1.0,1.0,0.1,0.1,0.799999676,0.0,0.0,1.1625090660291302,1.1625090660291302,0.0,0.0,152.95,3.847128259536039,177.80576164915544,0.0,0.0,0.0,0.8890288082457772,40.48631286621094,42.028656005859375,472.77929299518127,56.45776135595489,416.32153163922635,0.0,8.000000149011612,1.9999999701976776,0.0,152.94999935634436,3.847127902626169,1.162509173154831,0.1,0.7999996840953827,158.96000035703182,155.9200036406517,7.0000001192092896,16.999999940395355,69.98999930888414,3.0000000596046448,0.12184381789137742,4.97146951909499,0.0,winter,2025-01-08
9,0.0029347676318138838,-0.0029347676318138838,0.10122002482979692,0.1,0.799999676,0.0,-0.004402151447720826,3.933706598794178,3.9293044473464573,-0.0,0.0,124.37,4.971469287409224,488.6875941164789,-0.0,0.0,0.09629706291889305,2.4429564852678003,39.57243347167969,40.64316940307617,961.4668871116601,56.55405841887378,904.9128286927863,8.0,9.000000081956387,1.9999999701976776,0.0,124.3699987833202,4.971469259926353,3.933706507086754,0.1,0.7999996840953827,158.96000035703182,155.9200036406517,7.0000001192092896,16.999999940395355,69.98999930888414,3.0000000596046448,0.12184381789137742,4.97146951909499,7.999999992549419,winter,2025-01-08
10,0.9627652168273926,-0.9627652168273926,0.5014552792537558,0.10122002482979692,0.799999676,0.0,-1.4441478252410889,6.980920181681313,5.536772356440224,-0.0,0.0042700869042891915,107.35999999999999,4.570952955591737,594.4278801874224,-0.0,0.01951836635579425,31.590733677148815,2.8142833243831467,36.238502502441406,34.69710922241211,1555.9142856654382,88.1447920960226,1467.7694935694155,7.0,10.000000014901161,1.9999999701976776,0.0,107.3600028012693,4.570953379646857,6.9809201918542385,0.10122002482979692,0.7999996840953827,158.96000035703182,155.9200036406517,7.0000001192092896,16.999999940395355,69.98999930888414,3.0000000596046448,0.12184381789137742,4.97146951909499,6.999999895691872,winter,2025-01-08
11,0.9968075752258301,-0.9968075752258301,0.8880436583776127,0.5014552792537558,0.799999676,0.0,-1.3949065226118549,9.514442452185559,8.119535929573704,-0.0,1.4050934773881454,101.94,4.388790407084387,827.7054926607434,-0.0,6.166660774617935,30.51358018213432,4.016792866266135,30.942180633544922,30.293535232543945,2389.7864391007997,118.65837227815692,2271.1280668226427,6.0,10.999999990686774,1.9999999701976776,0.0,101.93999727040529,4.388790140482373,9.514442458748817,0.5014552792537558,0.7999996840953827,158.96000035703182,155.9200036406517,7.0000001192092896,16.999999940395355,69.98999930888414,3.0000000596046448,0.12184381789137742,4.97146951909499,5.999999955296516,winter,2025-01-08
12,0.999388575553894,-0.999388575553894,0.8996413097513284,0.8880436583776127,0.799999676,0.011597651373715712,-0.04184719567835571,8.967183046989602,8.925335851311246,-0.0,1.5,103.98999999999998,4.417743394926615,928.1456751778563,-0.0,6.6266150923899225,0.01830814810928062,4.673769910610685,24.55226707458496,24.145938873291016,3324.558729371046,118.6766804262662,3205.88204894478,5.0,12.000000009313226,1.9999999701976776,0.0,103.99000015228987,4.417743888086641,8.967183083295822,0.8880436583776127,0.0,158.96000035703182,155.9200036406517,7.0000001192092896,16.999999940395355,69.98999930888414,3.0000000596046448,0.12184381789137742,4.97146951909499,4.999999701976776,winter,2025-01-08
13,0.997934103012085,-0.997934103012085,0.8999892392925398,0.8996413097513284,0.799999676,0.011945580914927145,-0.0012554158703507179,8.322227738548786,8.320972322678436,-0.0,1.5,115.54999999999998,3.471945792080501,961.4883518854932,-0.0,5.207918688120752,0.000549244443278439,4.833478606645854,16.597583770751953,16.576589584350586,4291.25499994466,118.67722967070948,4172.577770273951,4.0,12.999999985098839,1.9999999701976776,0.0,115.55000063002109,3.471945413182531,8.322227764874697,0.8996413097513284,0.011597663164138794,158.96000035703182,155.9200036406517,7.0000001192092896,16.999999940395355,69.98999930888414,3.0000000596046448,0.12184381789137742,4.97146951909499,3.999999761581421,winter,2025-01-08
14,0.9998014569282532,-0.9998014569282532,0.8999996771787763,0.8999892392925398,0.799999676,0.011956018801163593,-3.766247611070028e-05,7.475523975270564,7.4754863127944535,-0.0,1.5,125.28999999999999,2.105123491028657,936.603680130017,-0.0,3.157685236542986,1.647733329843137e-05,4.698806744446133,10.496936798095703,10.290481567382812,5231.0163653112195,118.67724614804278,5112.339119163176,3.0,13.999999918043613,1.9999999701976776,0.0,125.29000017017125,2.1051231231240926,7.475523974862881,0.8999892392925398,0.011945575475692749,158.96000035703182,155.9200036406517,7.0000001192092896,16.999999940395355,69.98999930888414,3.0000000596046448,0.12184381789137742,4.97146951909499,2.9999998211860657,winter,2025-01-08
15,0.9988558292388916,-0.9988558292388916,0.8999999903153633,0.8999996771787763,0.799999676,0.011956331937750586,-1.129874283134491e-06,4.221914851980251,4.221913722105968,-0.0,1.5,143.99,1.9241673170147326,607.9133568460384,-0.0,2.886250975522099,4.943199988713397e-07,3.053998036636202,5.446372032165527,5.1187744140625,5841.8159731327805,118.67724664236279,5723.138726490418,2.0,14.999999850988388,1.9999999701976776,0.0,143.99000113092364,1.9241670068284484,4.221914783120155,0.8999996771787763,0.011956006288528442,158.96000035703182,155.9200036406517,7.0000001192092896,16.999999940395355,69.98999930888414,3.0000000596046448,0.12184381789137742,4.97146951909499,1.9999998807907104,winter,2025-01-08
16,1.0,1.0,0.45817377529327197,0.8999999903153633,0.799999676,0.4418262150220913,1.5,1.0760869963586859,1.0760869963586859,1.5,0.0,153.55,2.0496302643310544,165.23315829087622,230.32500000000002,0.0,16.406249999999996,1.895759541454381,1.7852619886398315,1.7723599672317505,6237.374131423658,135.08349664236277,6102.290634781295,0.0,15.999999955296516,1.9999999701976776,0.0,153.55000012189151,2.0496298736532372,1.0760870575904846,0.8999999903153633,0.011956334114074707,158.96000035703182,155.9200036406517,7.0000001192092896,16.999999940395355,69.98999930888414,3.0000000596046448,0.12184381789137742,4.97146951909499,0.0,winter,2025-01-08
17,1.0,1.0,0.1,0.45817377529327197,0.799999676,0.7999999903153633,1.253608213526452,0.0,0.0,1.253608213526452,0.2463917864735481,155.92,1.5924143313225372,0.0,195.46259265304437,0.39235781190064045,27.42267967089113,0.8421613539702694,0.003268541768193245,-0.4545110762119293,6433.229081888602,162.50617631325392,6270.722905575349,0.0,17.000000059604645,1.9999999701976776,0.0,155.92000042989852,1.5924146328721576,0.0,0.45817377529327197,0.4418262168765068,158.96000035703182,155.9200036406517,7.0000001192092896,16.999999940395355,69.98999930888414,3.0000000596046448,0.12184381789137742,4.97146951909499,0.0,winter,2025-01-08
18,0.9999980926513672,0.9999980926513672,0.1,0.1,0.799999676,0.7999999903153633,0.0,0.0,0.0,0.0,0.0,152.71,2.042392017370497,0.0,0.0,0.0,0.0,0.0,-0.5961368680000305,-1.3195351362228394,6433.229081888602,162.50617631325392,6270.722905575349,0.0,17.999999821186066,1.9999999701976776,0.0,152.70999968916178,2.0423921956307547,0.0,0.1,0.7999999821186066,158.96000035703182,155.9200036406517,7.0000001192092896,16.999999940395355,69.98999930888414,3.0000000596046448,0.12184381789137742,4.97146951909499,0.0,winter,2025-01-08
19,1.2152170381085625e-09,-1.2152170381085625e-09,0.1000000005051831,0.1,0.799999676,0.7999999903153633,-1.8228255571628438e-09,0.0,0.0,-1.8228255571628438e-09,0.0,150.82,1.5779378374014241,0.0,-2.749185505313001e-07,0.0,3.98743090629372e-08,-1.5739642979711865e-09,-0.36284637451171875,-0.9832389950752258,6433.229081613683,162.50617635312824,6270.722905260554,21.0,19.0000002682209,1.9999999701976776,0.0,150.81999871551992,1.5779382649890796,0.0,0.1,0.7999999821186066,158.96000035703182,155.9200036406517,7.0000001192092896,16.999999940395355,69.98999930888414,3.0000000596046448,0.12184381789137742,4.97146951909499,21.0,winter,2025-01-08
20,1.2874380450611511e-09,-1.2874380450611511e-09,0.10000000104038949,0.1000000005051831,0.799999676,0.7999999903153633,-1.9311570675917267e-09,0.0,0.0,-1.9311570675917267e-09,1.7681408143177535e-09,139.61,0.47893067389018773,0.0,-2.6960883820648097e-07,8.46816871733947e-10,4.2244060853569014e-08,-1.55503041094158e-09,-0.11371129751205444,-0.8023834228515625,6433.229081344921,162.5061763953723,6270.722904949548,21.0,20.000000029802322,1.9999999701976776,0.0,139.60999841809274,0.47893029852475294,0.0,0.1000000005051831,0.7999999821186066,158.96000035703182,155.9200036406517,7.0000001192092896,16.999999940395355,69.98999930888414,3.0000000596046448,0.12184381789137742,4.97146951909499,21.0,winter,2025-01-08
21,5.559255833453847e-10,-5.559255833453847e-10,0.10000000127149569,0.10000000104038949,0.799999676,0.7999999903153633,-8.33888375018077e-10,0.0,0.0,-8.33888375018077e-10,3.6413631901432986e-09,126.33000000000001,0.37638884194896405,0.0,-1.0534511841603368e-07,1.3705684742536216e-09,1.824130820352043e-08,-6.110792907265025e-10,0.027986885979771614,-0.3746461868286133,6433.2290812409465,162.50617641361362,6270.722904827333,21.0,20.999999791383743,1.9999999701976776,0.0,126.32999979302289,0.37638860047436595,0.0,0.10000000104038949,0.7999999821186066,158.96000035703182,155.9200036406517,7.0000001192092896,16.999999940395355,69.98999930888414,3.0000000596046448,0.12184381789137742,4.97146951909499,21.0,winter,2025-01-08
22,2.1101238811827017e-10,-2.1101238811827017e-10,0.10000000135921655,0.10000000127149569,0.799999676,0.7999999903153633,-3.1651858217740525e-10,0.0,0.0,-3.1651858217740525e-10,4.450234902808603e-09,116.39000000000001,0.1532095606651233,0.0,-3.68395977796282e-08,6.818185343159038e-10,6.923843985130739e-09,-2.154081161522152e-10,0.06207239627838135,-0.109959177672863,6433.2290812047895,162.50617642053746,6270.722904784252,21.0,22.00000023841858,1.9999999701976776,0.0,116.39000106275083,0.15320949156021632,0.0,0.10000000127149569,0.7999999821186066,158.96000035703182,155.9200036406517,7.0000001192092896,16.999999940395355,69.98999930888414,3.0000000596046448,0.12184381789137742,4.97146951909499,21.0,winter,2025-01-08
23,9.40297423257519e-11,-9.40297423257519e-11,0.10000000139830606,0.10000000135921655,0.799999676,0.7999999903153633,-1.4104461348862785e-10,0.0,0.0,-1.4104461348862785e-10,4.757257907050949e-09,106.01000000000002,0.3160701172776546,0.0,-1.495213947592944e-08,1.5036270646016432e-09,3.0853509200637337e-09,-8.266931665695766e-11,0.07595723867416382,0.034032680094242096,6433.229081191341,162.5061764236228,6270.722904767718,21.0,23.0,1.9999999701976776,0.0,106.01000027999282,0.3160698950424846,0.0,0.10000000135921655,0.7999999821186066,158.96000035703182,155.9200036406517,7.0000001192092896,16.999999940395355,69.98999930888414,3.0000000596046448,0.12184381789137742,4.97146951909499,21.0,winter,2025-01-08
0,2.3177451711348107e-12,-2.3177451711348107e-12,0.5000000000009636,0.5,9.635625630721734e-13,0.0,-3.476617756702216e-12,0.0,0.0,-3.476617756702216e-12,1.4000000000000001,95.03,0.9620204791342936,0.0,-3.303829854194116e-10,1.346828670788011,1.5210202685572193e-12,0.006734143352280535,7.291592597961426,8.348567962646484,1.346828670457628,1.5210202685572193e-12,1.346828670456107,7.0,0.0,0.9999999403953552,0.9999999850988388,95.03000192686915,0.9620202635321601,0.0,0.5,0.0,181.62000002123415,290.06999983862045,7.0000001192092896,19.00000000745058,47.099999679699536,13.000000029802322,0.2272973195602273,9.864703281927683,6.999999895691872,spring,2025-04-08
1,1.4491103358504204e-13,-1.4491103358504204e-13,0.5000000000010238,0.5000000000009636,1.0238476733093194e-12,0.0,-2.1736655037756306e-13,0.0,0.0,-2.1736655037756306e-13,1.4000000000033725,90.09999999999998,1.0123944761259993,0.0,-1.9584726189018427e-11,1.4173522665798133,9.509786579018382e-14,0.007086761332800668,8.306174278259277,9.629741668701172,2.7641809370178567,1.6161181343474032e-12,2.7641809370162407,6.0,0.9999997615814209,0.9999999403953552,0.9999999850988388,90.1000030387938,1.0123946239892117,0.0,0.5000000000009636,0.0,181.62000002123415,290.06999983862045,7.0000001192092896,19.00000000745058,47.099999679699536,13.000000029802322,0.2272973195602273,9.864703281927683,5.999999955296516,spring,2025-04-08
2,0.00039382706745527685,-0.00039382706745527685,0.500163719539066,0.5000000000010238,0.00016371953906602066,0.0,-0.0005907406011829153,0.0,0.0,-0.0005907406011829153,1.4000000000035835,90.79,1.2581212907196886,0.0,-0.05363333918139688,1.7613698070120725,0.0002584490130175254,0.008537390094088292,-1.4725388288497925,-2.5354607105255127,4.471917404848533,0.00025844901463364353,4.471658955833899,5.0,2.0000002086162567,0.9999999403953552,0.9999999850988388,90.79000248134136,1.2581215334140559,0.0,0.5000000000010238,0.0,181.62000002123415,290.06999983862045,7.0000001192092896,19.00000000745058,47.099999679699536,13.000000029802322,0.2272973195602273,9.864703281927683,4.999999701976776,spring,2025-04-08
3,0.31251946091651917,-0.31251946091651917,0.6300825240057903,0.500163719539066,0.13008252400579035,0.0,-0.46877919137477875,0.0,0.0,-0.46877919137477875,1.400573018386731,92.5,1.2052900255820458,0.0,-43.362075202167034,1.6880966891608662,1.0254544811323283,-0.2134971649706925,-13.108847618103027,-12.52315902709961,-37.202061108157636,1.0257129301469619,-38.227774038304595,4.0,2.9999999701976776,0.9999999403953552,0.9999999850988388,92.49999971061945,1.2052904300185747,0.0,0.500163719539066,0.00016373395919799805,181.62000002123415,290.06999983862045,7.0000001192092896,19.00000000745058,47.099999679699536,13.000000029802322,0.2272973195602273,9.864703281927683,3.999999761581421,spring,2025-04-08
4,0.15054422616958618,-0.15054422616958618,0.6926659094562897,0.6300825240057903,0.1926659094562897,0.0,-0.22581633925437927,0.0,0.0,-0.22581633925437927,1.5,94.59,1.190546416706423,0.0,-21.359967530071735,1.7858196250596345,0.49397324211895455,-0.10034060573565527,16.48705291748047,14.388221740722656,-56.77620901316974,1.5196861722659163,-58.295895185435654,3.0,3.9999997317790985,0.9999999403953552,0.9999999850988388,94.58999987438321,1.1905459250355446,0.0,0.6300825240057903,0.13008251786231995,181.62000002123415,290.06999983862045,7.0000001192092896,19.00000000745058,47.099999679699536,13.000000029802322,0.2272973195602273,9.864703281927683,2.9999998211860657,spring,2025-04-08
5,0.9999872446060181,-0.9999872446060181,0.8937799772836887,0.6926659094562897,0.39377997728368874,0.0,-0.7256693169029862,0.0,0.0,-0.7256693169029862,1.5,110.31,1.030823987220526,0.0,-80.04858234756841,1.546235980830789,6.349606522901128,-0.42425976444819374,70.4877700805664,77.25035858154297,-135.27855537990737,7.8692926951670445,-143.14784807507442,2.0,5.000000178813934,0.9999999403953552,0.9999999850988388,110.30999884352087,1.0308242433798862,0.0,0.6926659094562897,0.19266590476036072,181.62000002123415,290.06999983862045,7.0000001192092896,19.00000000745058,47.099999679699536,13.000000029802322,0.2272973195602273,9.864703281927683,1.9999998807907104,spring,2025-04-08
6,1.0,1.0,0.45195376226159745,0.8937799772836887,0.4418262150220913,0.0,1.5,0.8995029731993434,0.8995029731993434,1.5,0.0,153.29,0.2272973034991627,137.88481076172732,229.935,0.0,16.406249999999996,1.7570678038086367,97.94658660888672,99.96126556396484,232.54125538181995,24.27554269516704,208.2657126866529,0.0,5.999999940395355,0.9999999403953552,0.9999999850988388,153.2900002161786,0.2272972900341697,0.8995029330253601,0.8937799772836887,0.3937799781560898,181.62000002123415,290.06999983862045,7.0000001192092896,19.00000000745058,47.099999679699536,13.000000029802322,0.2272973195602273,9.864703281927683,0.0,spring,2025-04-08
7,1.0,1.0,0.1,0.45195376226159745,0.7937799772836888,0.0,1.2318381679155912,3.716343988924444,3.716343988924444,1.2318381679155912,0.2681618320844088,181.62000000000003,5.4059899210611615,674.9623952684576,223.72644805682972,1.4496801614616095,26.946459923153554,4.365960317817977,97.2790298461914,96.02863311767578,1132.679778868569,51.222002618320595,1081.4577762502483,0.0,7.000000044703484,0.9999999403953552,0.9999999850988388,181.62000000426082,5.4059899836703496,3.7163440883159637,0.45195376226159745,0.4418262168765068,181.62000002123415,290.06999983862045,7.0000001192092896,19.00000000745058,47.099999679699536,13.000000029802322,0.2272973195602273,9.864703281927683,0.0,spring,2025-04-08
8,1.0,1.0,0.1,0.1,0.7937799772836888,0.0,0.0,6.769040377313672,6.769040377313672,0.0,0.0,136.77,9.482597775170463,925.801652405191,0.0,0.0,0.0,4.629008262025955,78.93103790283203,76.3381118774414,2058.48143127376,51.222002618320595,2007.2594286554393,0.0,8.000000149011612,0.9999999403953552,0.9999999850988388,136.76999969378116,9.482597711140487,6.769040375947952,0.1,0.7937799692153931,181.62000002123415,290.06999983862045,7.0000001192092896,19.00000000745058,47.099999679699536,13.000000029802322,0.2272973195602273,9.864703281927683,0.0,spring,2025-04-08
9,0.03321600332856178,-0.03321600332856178,0.11380836709801641,0.1,0.7937799772836888,0.0,-0.049824004992842674,8.725892506656615,8.676068501663773,-0.0,0.0,91.31,5.522710157993163,792.2118148869191,-0.0,0.0,1.0899001092184333,3.9556095738885033,60.27289962768555,58.60283279418945,2850.693246160679,52.31190272753903,2798.38134343314,10.0,9.000000081956387,0.9999999403953552,0.9999999850988388,91.30999909758569,5.522710569198584,8.725892454385757,0.1,0.7937799692153931,181.62000002123415,290.06999983862045,7.0000001192092896,19.00000000745058,47.099999679699536,13.000000029802322,0.2272973195602273,9.864703281927683,9.999999990686774,spring,2025-04-08
10,0.02263888344168663,-0.02263888344168663,0.12321967435734614,0.11380836709801641,0.7937799772836888,0.0,-0.033958325162529945,11.455412483416858,11.421454158254328,-0.0,0.04832928484305741,81.17000000000002,5.329814608537118,927.0794340255039,-0.0,0.25758612837667894,0.7428383629303424,4.632970908954752,48.01412582397461,47.15243148803711,3778.0302663145594,53.05474109046937,3724.9755252240902,9.0,10.000000014901161,0.9999999403953552,0.9999999850988388,81.17000117719174,5.329814763169221,11.45541250705719,0.11380836709801641,0.7937799692153931,181.62000002123415,290.06999983862045,7.0000001192092896,19.00000000745058,47.099999679699536,13.000000029802322,0.2272973195602273,9.864703281927683,8.999999932944775,spring,2025-04-08
11,0.10786078870296478,-0.10786078870296478,0.16805894508957864,0.12321967435734614,0.7937799772836888,0.0,-0.16179118305444717,12.460537782935122,12.298746599880674,-0.0,0.08126886025071148,74.31,4.789215616431,913.9198598371329,-0.0,0.389214094642256,3.5391821293160315,4.553849459012295,37.60210418701172,38.164791107177734,4692.339340246334,56.5939232197854,4635.745417026549,8.0,10.999999990686774,0.9999999403953552,0.9999999850988388,74.30999764323235,4.789215967169809,12.460537701845169,0.12321967435734614,0.7937799692153931,181.62000002123415,290.06999983862045,7.0000001192092896,19.00000000745058,47.099999679699536,13.000000029802322,0.2272973195602273,9.864703281927683,7.999999992549419,spring,2025-04-08
12,0.7394838333129883,-0.7394838333129883,0.47547293865254947,0.16805894508957864,0.7937799772836888,0.30741399356297083,-1.1092257499694824,12.318405873911301,11.209180123941819,-0.0,0.2382063078135252,51.11,4.2129862362088,572.9011961346663,-0.0,1.0035598961964984,9.70572531223297,2.8209951535931492,29.443378448486328,29.984333038330078,5266.244096277197,66.29964853201837,5199.944447745179,7.0,12.000000009313226,0.9999999403953552,0.9999999850988388,51.110002124011515,4.212986303858262,12.318405658006668,0.16805894508957864,0.0,181.62000002123415,290.06999983862045,7.0000001192092896,19.00000000745058,47.099999679699536,13.000000029802322,0.2272973195602273,9.864703281927683,6.999999895691872,spring,2025-04-08
13,0.7774861454963684,-0.7774861454963684,0.7986850362803255,0.47547293865254947,0.7937799772836888,0.6306260911907469,-1.1662292182445526,12.88010785862663,11.713878640382077,-0.0,1.3141552852839231,47.099999999999994,4.97105345923033,551.7236839619958,-0.0,6.532736176876467,19.133448111824688,2.695614860135238,25.000102996826172,25.70285987854004,5824.500516416068,85.43309664384306,5739.067419772226,6.0,12.999999985098839,0.9999999403953552,0.9999999850988388,47.09999823242427,4.971053394461899,12.880108058452606,0.47547293865254947,0.3074139952659607,181.62000002123415,290.06999983862045,7.0000001192092896,19.00000000745058,47.099999679699536,13.000000029802322,0.2272973195602273,9.864703281927683,5.999999955296516,spring,2025-04-08
14,0.9152345657348633,-0.9152345657348633,0.8969605510884098,0.7986850362803255,0.7937799772836888,0.7289016059988311,-0.35460237301886083,12.660475319402668,12.305872946383808,-0.0,1.5,59.890000000000015,5.152891302029661,736.9987307589264,-0.0,7.729336953044491,7.7569269097875795,3.6848557040109164,22.119831085205078,22.08749008178711,6569.228584128039,93.19002355363064,6476.038560574409,5.0,13.999999918043613,0.9999999403953552,0.9999999850988388,59.89000299543143,5.15289082175399,12.660475373268127,0.7986850362803255,0.6306260973215103,181.62000002123415,290.06999983862045,7.0000001192092896,19.00000000745058,47.099999679699536,13.000000029802322,0.2272973195602273,9.864703281927683,4.999999701976776,spring,2025-04-08
15,0.1531907021999359,-0.1531907021999359,0.8999088165326523,0.8969605510884098,0.7937799772836888,0.7318498714430737,-0.010638071190565868,9.834131463051436,9.82349339186087,-0.0,1.5,87.11999999999999,5.562026448328154,855.8227442989189,-0.0,8.34303967249223,0.2327078072936283,4.319665380820587,16.264432907104492,16.951744079589844,7433.394368099451,93.42273136092426,7339.971636738526,4.0,14.999999850988388,0.9999999403953552,0.9999999850988388,87.11999785199762,5.562026550918364,9.834131374955177,0.8969605510884098,0.7289016097784042,181.62000002123415,290.06999983862045,7.0000001192092896,19.00000000745058,47.099999679699536,13.000000029802322,0.2272973195602273,9.864703281927683,3.999999761581421,spring,2025-04-08
16,0.9121842980384827,-0.9121842980384827,0.8999972644959796,0.8999088165326523,0.7937799772836888,0.731938319406401,-0.0003191421357169877,8.264781927561778,8.26446278542606,-0.0,1.5,87.15,7.678962956052785,720.2479317498812,-0.0,11.518444434079177,0.006981234218809105,3.658796974748708,11.149575233459473,11.869369506835938,8165.160744283411,93.42971259514307,8071.731031688268,3.0,15.999999955296516,0.9999999403953552,0.9999999850988388,87.15000060617925,7.678962884012047,8.264781944453716,0.8999088165326523,0.7318498641252518,181.62000002123415,290.06999983862045,7.0000001192092896,19.00000000745058,47.099999679699536,13.000000029802322,0.2272973195602273,9.864703281927683,2.9999998211860657,spring,2025-04-08
17,0.9879295825958252,-0.9879295825958252,0.8999999179348794,0.8999972644959796,0.7937799772836888,0.7319409728453008,-9.574264071443572e-06,4.137863333995822,4.137853759731751,-0.0,1.5,104.03999999999999,9.7614977097343,430.5023051624913,-0.0,14.64224656460145,0.00020943702656282812,2.225721711450331,6.843526840209961,7.227400779724121,8610.305296010505,93.42992203216964,8516.875373978335,2.0,17.000000059604645,0.9999999403953552,0.9999999850988388,104.03999835222959,9.761497733100923,4.137863293290138,0.8999972644959796,0.7319383174180984,181.62000002123415,290.06999983862045,7.0000001192092896,19.00000000745058,47.099999679699536,13.000000029802322,0.2272973195602273,9.864703281927683,1.9999998807907104,spring,2025-04-08
18,1.0,1.0,0.45817370291278814,0.8999999179348794,0.7937799772836888,0.7319409728453008,1.5,2.317148291704304,2.317148291704304,1.5,0.0,199.99,9.86470297186365,463.4064868579437,299.985,0.0,32.81249999999999,3.652894934289719,5.2263689041137695,5.340973854064941,9373.696782868448,126.24242203216963,9247.454360836278,0.0,17.999999821186066,0.9999999403953552,0.9999999850988388,199.98999962534756,9.864703196953457,2.3171482980251312,0.8999999179348794,0.731940969824791,181.62000002123415,290.06999983862045,7.0000001192092896,19.00000000745058,47.099999679699536,13.000000029802322,0.2272973195602273,9.864703281927683,0.0,spring,2025-04-08
19,1.0,1.0,0.1,0.45817370291278814,0.7937799772836888,0.7999999179348795,1.2536079601947585,0.0,0.0,1.2536079601947585,0.2463920398052415,290.07000000000005,9.234413692430838,0.0,363.63406101369367,2.275286026083486,27.422674129260336,1.6924333645525842,1.109176754951477,1.3935205936431885,9739.606129908225,153.66509616142997,9585.941033746794,0.0,19.0000002682209,0.9999999403953552,0.9999999850988388,290.0699955922365,9.234413552858157,0.0,0.45817370291278814,0.731940969824791,181.62000002123415,290.06999983862045,7.0000001192092896,19.00000000745058,47.099999679699536,13.000000029802322,0.2272973195602273,9.864703281927683,0.0,spring,2025-04-08
20,1.0,1.0,0.1,0.1,0.7937799772836888,0.7999999179348795,0.0,0.0,0.0,0.0,0.0,263.95000000000005,0.6524046927462444,0.0,0.0,0.0,0.0,0.0,-0.6060830354690552,-0.2830776870250702,9739.606129908225,153.66509616142997,9585.941033746794,0.0,20.000000029802322,0.9999999403953552,0.9999999850988388,263.95000039458273,0.6524048838126749,0.0,0.1,0.7999999225139618,181.62000002123415,290.06999983862045,7.0000001192092896,19.00000000745058,47.099999679699536,13.000000029802322,0.2272973195602273,9.864703281927683,0.0,spring,2025-04-08
21,2.927121878215644e-09,-2.927121878215644e-09,0.1000000012168464,0.1,0.7937799772836888,0.7999999179348795,-4.390682817323466e-09,0.0,0.0,-4.390682817323466e-09,0.0,157.59,0.6978641534460776,0.0,-6.91927705182005e-07,0.0,9.60461866289508e-08,-3.939869459054779e-09,-0.47402918338775635,-0.39701464772224426,9739.606129216298,153.66509625747616,9585.94103295882,21.0,20.999999791383743,0.9999999403953552,0.9999999850988388,157.5900003772974,0.6978637347166411,0.0,0.1,0.7999999225139618,181.62000002123415,290.06999983862045,7.0000001192092896,19.00000000745058,47.099999679699536,13.000000029802322,0.2272973195602273,9.864703281927683,21.0,spring,2025-04-08
22,2.1564744781543688e-11,-2.1564744781543688e-11,0.10000000122581117,0.1000000012168464,0.7937799772836888,0.7999999179348795,-3.234711717231553e-11,0.0,0.0,-3.234711717231553e-11,4.258962356396001e-09,124.37,0.37596202632834447,0.0,-4.023010962720883e-09,1.6012081175667814e-09,7.075931881444021e-10,-1.564698016649252e-11,-0.3370214104652405,-0.1602170765399933,9739.606129213875,153.66509625818375,9585.94103295569,21.0,22.00000023841858,0.9999999403953552,0.9999999850988388,124.3699987833202,0.37596160479066854,0.0,0.1000000012168464,0.7999999225139618,181.62000002123415,290.06999983862045,7.0000001192092896,19.00000000745058,47.099999679699536,13.000000029802322,0.2272973195602273,9.864703281927683,21.0,spring,2025-04-08
23,1.73133226505362e-11,-1.73133226505362e-11,0.10000000123300856,0.10000000122581117,0.7937799772836888,0.7999999179348795,-2.59699839758043e-11,0.0,0.0,-2.59699839758043e-11,4.290339063184323e-09,111.04999999999998,0.3022439819502379,0.0,-2.8839667205130672e-09,1.296729162373483e-09,5.68093399470719e-10,-1.0776654788051517e-11,-0.19886231422424316,0.03935054689645767,9739.606129212289,153.66509625875184,9585.941032953537,21.0,23.0,0.9999999403953552,0.9999999850988388,111.05000287637114,0.30224413906608305,0.0,0.10000000122581117,0.7999999225139618,181.62000002123415,290.06999983862045,7.0000001192092896,19.00000000745058,47.099999679699536,13.000000029802322,0.2272973195602273,9.864703281927683,21.0,spring,2025-04-08
0,1.4453841004069545e-06,1.4453841004069545e-06,0.49999936139141365,0.5,6.386085863452351e-07,0.0,2.168076150610432e-06,0.0,0.0,2.168076150610432e-06,1.4000000000000001,89.72,0.12824024619544783,0.0,0.00019451979223276793,0.17953634467362697,9.485333158920638e-07,0.0008986495796627191,-102.45272064208984,-101.82701873779297,0.17973086446585973,9.485333158920638e-07,0.17972991593254384,0.0,0.0,0.9999999403953552,2.000000014901161,89.72000010430813,0.12824036244504788,0.0,0.5,0.0,89.72,223.23000127717853,0.0,20.000000059604645,0.009999117851258177,13.000000029802322,0.12824024596070102,10.443487426531613,0.0,summer,2025-06-10
1,9.907576981049715e-09,9.907576981049715e-09,0.4999993570139864,0.49999936139141365,6.429860135992449e-07,0.0,1.4861365471574572e-08,0.0,0.0,1.4861365471574572e-08,1.3999977648699478,81.57999999999998,0.25399039052302264,0.0,1.2123901951710534e-06,0.35558597903067685,6.501847393813875e-09,0.0017779359245951231,-66.84271240234375,-66.14090728759766,0.5353180558867318,9.550351632858776e-07,0.5353171008515685,0.0,0.9999997615814209,0.9999999403953552,2.000000014901161,81.58000047549606,0.25399059129393625,0.0,0.49999936139141365,6.258487701416016e-07,89.72,223.23000127717853,0.0,20.000000059604645,0.009999117851258177,13.000000029802322,0.12824024596070102,10.443487426531613,0.0,summer,2025-06-10
2,1.780901055965789e-12,-1.780901055965789e-12,0.49999935701472675,0.4999993570139864,6.429860135992449e-07,0.0,-2.6713515839486834e-12,0.0,0.0,-2.6713515839486834e-12,1.3999977495489522,70.98000000000002,0.23655967744791317,0.0,-1.896125354286776e-10,0.33118301606110445,1.1687163179775488e-12,0.0016559150793516158,-56.653472900390625,-62.99088668823242,0.8665010717582237,9.550363320021956e-07,0.8665001167218916,18.0,2.0000002086162567,0.9999999403953552,2.000000014901161,70.98000505685806,0.2365596561208193,0.0,0.4999993570139864,6.556510925292969e-07,89.72,223.23000127717853,0.0,20.000000059604645,0.009999117851258177,13.000000029802322,0.12824024596070102,10.443487426531613,18.000000178813934,summer,2025-06-10
3,5.8130247282406344e-08,-5.8130247282406344e-08,0.49999938118030096,0.49999935701472675,6.429860135992449e-07,0.0,-8.719537092360952e-08,0.0,0.0,-8.719537092360952e-08,1.3999977495515437,61.71000000000002,0.23655967744791317,0.0,-5.380826339695945e-06,0.3311830160617175,3.814797477907916e-08,0.0016558879854370152,-14.071277618408203,-20.622831344604492,1.1976787069936017,9.931843067812747e-07,1.1976777138092949,17.0,2.9999999701976776,0.9999999403953552,2.000000014901161,61.71000393301249,0.2365596561208193,0.0,0.49999935701472675,6.556510925292969e-07,89.72,223.23000127717853,0.0,20.000000059604645,0.009999117851258177,13.000000029802322,0.12824024596070102,10.443487426531613,17.00000023841858,summer,2025-06-10
4,2.4440078050247394e-05,-2.4440078050247394e-05,0.5000095412698904,0.49999938118030096,1.018425590398886e-05,0.0,-3.666011707537109e-05,0.0,0.0,-3.666011707537109e-05,1.3999978341310535,56.05,0.25399039052302264,0.0,-0.0020547995620745496,0.35558599662233215,1.603880122047485e-05,0.0017675757912951856,35.00597381591797,25.398834228515625,1.5512099040538594,1.7031985527256124e-05,1.5511928720683321,16.0,3.9999997317790985,0.9999999403953552,2.000000014901161,56.04999553978443,0.25399059129393625,0.0,0.49999938118030096,6.556510925292969e-07,89.72,223.23000127717853,0.0,20.000000059604645,0.009999117851258177,13.000000029802322,0.12824024596070102,10.443487426531613,16.000000298023224,summer,2025-06-10
5,0.0005530297639779747,-0.0005530297639779747,0.5002394436432013,0.5000095412698904,0.0002400866292148751,0.0,-0.000829544645966962,0.360550611497544,0.35972106685157706,-0.0,1.4000333944446164,68.89,0.6225254669681922,24.781184295405144,-0.0,0.871556442647698,0.0003629257826105458,0.12826188906135116,34.18617248535156,34.5090217590332,27.2039506421067,0.00037995776813780195,27.203570684338562,15.0,5.000000178813934,0.9999999403953552,2.000000014901161,68.88999850273133,0.6225253043349862,0.36055058240890503,0.5000095412698904,1.0192394256591797e-05,89.72,223.23000127717853,0.0,20.000000059604645,0.009999117851258177,13.000000029802322,0.12824024596070102,10.443487426531613,15.000000044703484,summer,2025-06-10
6,0.6230704188346863,-0.6230704188346863,0.7592587177587637,0.5002394436432013,0.25925936074477735,0.0,-0.9346056282520294,2.3607217680533625,1.4261161398013331,-0.0,1.4008380527512045,80.92000000000002,2.077990008739826,115.40131803272389,-0.0,2.9109274774795564,2.044449811801314,0.5813389784920107,43.653419494628906,31.514501571655273,145.51619615231016,2.0448297695694517,143.4713663827407,14.0,5.999999940395355,0.9999999403953552,2.000000014901161,80.91999739676714,2.077989672285159,2.360721677541733,0.5002394436432013,0.00024008750915527344,89.72,223.23000127717853,0.0,20.000000059604645,0.009999117851258177,13.000000029802322,0.12824024596070102,10.443487426531613,14.000000104308128,summer,2025-06-10
7,0.9545698165893555,-0.9545698165893555,0.8957777615327629,0.7592587177587637,0.3957784045187765,0.0,-0.49259448784432697,5.14517257237319,4.652578084528863,-0.0,1.5,84.86,4.340247555702237,394.81777625311935,-0.0,6.510371333553355,4.31020176863786,1.9850897290901741,30.1746768951416,19.029314041137695,546.8443437389828,6.355031538207312,540.4893122007755,13.0,7.000000044703484,0.9999999403953552,2.000000014901161,84.86000125229359,4.3402472070099,5.145172476768494,0.7592587177587637,0.259259358048439,89.72,223.23000127717853,0.0,20.000000059604645,0.009999117851258177,13.000000029802322,0.12824024596070102,10.443487426531613,13.00000000745058,summer,2025-06-10
8,0.9639133214950562,-0.9639133214950562,0.8998733328459829,0.8957777615327629,0.3998739758319965,0.0,-0.014777834635329945,7.263348573388453,7.248570738753123,-0.0,1.5,85.81,3.224681918895237,621.9998550924055,-0.0,4.8370228783428555,0.129306053059137,3.1335378595884458,31.010730743408203,25.534887313842773,1173.6812217097313,6.484337591266449,1167.1968841184648,12.0,8.000000149011612,0.9999999403953552,2.000000014901161,85.80999900296331,3.2246815216639986,7.263348586857319,0.8957777615327629,0.3957784026861191,89.72,223.23000127717853,0.0,20.000000059604645,0.009999117851258177,13.000000029802322,0.12824024596070102,10.443487426531613,12.000000067055225,summer,2025-06-10
9,0.9781111478805542,-0.9781111478805542,0.8999961999853795,0.8998733328459829,0.3999968429713931,0.0,-0.0004433350390598556,8.820499352947426,8.820056017908366,-0.0,1.5,65.21,1.6098508575797457,575.1558529278045,-0.0,2.4147762863696185,0.0038791815917737357,2.887833750162912,31.119888305664062,28.039316177368164,1751.2518509239055,6.488216772858223,1744.7636341510472,11.0,9.000000081956387,0.9999999403953552,2.000000014901161,65.21000573605299,1.6098506272358397,8.820499330759048,0.8998733328459829,0.3998739793896675,89.72,223.23000127717853,0.0,20.000000059604645,0.009999117851258177,13.000000029802322,0.12824024596070102,10.443487426531613,11.000000009313226,summer,2025-06-10
10,0.9573515057563782,-0.9573515057563782,0.8999998859995614,0.8999961999853795,0.400000528985575,0.0,-1.3300051171838412e-05,11.329957295330209,11.329943995279036,-0.0,1.5,23.000000000000007,1.084439363458591,260.5887118914179,-0.0,1.6266590451878864,0.0001454693096919826,1.3110761273364804,28.969947814941406,26.91838264465332,2013.4672218605112,6.4883622421679155,2006.9788596183432,10.0,10.000000014901161,0.9999999403953552,2.000000014901161,22.999996772110464,1.0844395213129634,11.329957097768784,0.8999961999853795,0.3999968394637108,89.72,223.23000127717853,0.0,20.000000059604645,0.009999117851258177,13.000000029802322,0.12824024596070102,10.443487426531613,9.999999990686774,summer,2025-06-10
11,0.9901577830314636,-0.9901577830314636,0.8999999965799869,0.8999998859995614,0.40000063956600046,0.0,-3.9900153525618265e-07,11.865553725008986,11.86555332600745,-0.0,1.5,0.7899999999999991,1.1130755349391281,9.373787127545876,-0.0,1.6696133024086923,4.364079291864497e-06,0.05521698032937638,26.147424697875977,24.31511116027832,2024.5106222904658,6.488366606247207,2018.0222556842186,9.0,10.999999990686774,0.9999999403953552,2.000000014901161,0.7899962854385407,1.1130755517497417,11.865553557872772,0.8999998859995614,0.40000052750110626,89.72,223.23000127717853,0.0,20.000000059604645,0.009999117851258177,13.000000029802322,0.12824024596070102,10.443487426531613,8.999999932944775,summer,2025-06-10
12,0.9312777519226074,-0.9312777519226074,0.8999999998973996,0.8999999965799869,0.40000063956600046,3.3174127889168403e-09,-1.197004606545704e-08,13.512660883092417,13.512660871122371,-0.0,1.5,0.0800000000000054,1.1964939475128649,1.0810128696898627,-0.0,1.7947409212692973,5.2368951536374545e-09,0.014378768928611323,24.496082305908203,23.528667449951172,2027.386376081425,6.4883666114841025,2020.898009469941,8.0,12.000000009313226,0.9999999403953552,2.000000014901161,0.08000139713287524,1.1964935094639175,13.512661010026932,0.8999999965799869,0.0,89.72,223.23000127717853,0.0,20.000000059604645,0.009999117851258177,13.000000029802322,0.12824024596070102,10.443487426531613,7.999999992549419,summer,2025-06-10
13,0.8521558046340942,-0.8521558046340942,0.899999999996922,0.8999999998973996,0.40000063956600046,3.4169351792456837e-09,-3.591013042480995e-10,13.867442450191241,13.86744244983214,-0.0,1.5,0.010000000000005116,2.400458200629351,0.13867442449839235,-0.0,3.6006873009440263,1.571068206085435e-10,0.01869680862642656,23.693613052368164,23.94114875793457,2031.1257378068676,6.48836661164121,2024.6373711952265,7.0,12.999999985098839,0.9999999403953552,2.000000014901161,0.01000136107206373,2.400458431554427,13.867442607879639,0.8999999998973996,0.0,89.72,223.23000127717853,0.0,20.000000059604645,0.009999117851258177,13.000000029802322,0.12824024596070102,10.443487426531613,6.999999895691872,summer,2025-06-10
14,0.027649424970149994,-0.027649424970149994,0.8999999999999077,0.899999999996922,0.40000063956600046,3.4199207910035057e-09,-1.0772938097147744e-11,12.37647567829097,12.376475678280196,-0.0,1.5,21.12000000000001,2.450260237986804,261.3911663252779,-0.0,3.6753903569802064,4.713160417502137e-12,1.3253327834112667,23.956186294555664,25.15308380126953,2296.1922944891253,6.488366611645923,2289.703927877479,6.0,13.999999918043613,0.9999999403953552,2.000000014901161,21.120003106892113,2.450260091639505,12.376475483179092,0.899999999996922,0.0,89.72,223.23000127717853,0.0,20.000000059604645,0.009999117851258177,13.000000029802322,0.12824024596070102,10.443487426531613,5.999999955296516,summer,2025-06-10
15,0.21386265754699707,-0.21386265754699707,0.8999999999999972,0.8999999999999077,0.40000063956600046,3.420010386001593e-09,-3.232969447708456e-13,12.211448666182097,12.211448666181774,-0.0,1.5,54.92999999999999,3.257053243177581,670.7748752333647,-0.0,4.885579864766372,1.4144241333724492e-13,3.3783022754906544,22.677446365356445,23.631303787231445,2971.8527495872563,6.4883666116460645,2965.36438297561,5.0,14.999999850988388,0.9999999403953552,2.000000014901161,54.92999496281148,3.257053258414073,12.211448550224304,0.8999999999999077,0.0,89.72,223.23000127717853,0.0,20.000000059604645,0.009999117851258177,13.000000029802322,0.12824024596070102,10.443487426531613,4.999999701976776,summer,2025-06-10
16,0.6279250979423523,-0.6279250979423523,0.8999999999999999,0.8999999999999972,0.40000063956600046,3.420013050536852e-09,-9.71445146547012e-15,10.371834976967072,10.371834976967063,-0.0,1.5,74.64000000000001,4.695087071874105,774.1537626808217,-0.0,7.042630607811157,4.2500725161431766e-15,3.9059819664431643,18.931501388549805,18.792388916015625,3753.049142875889,6.488366611646069,3746.560776264243,4.0,15.999999955296516,0.9999999403953552,2.000000014901161,74.6400023777783,4.695086691191129,10.371834933757782,0.8999999999999972,0.0,89.72,223.23000127717853,0.0,20.000000059604645,0.009999117851258177,13.000000029802322,0.12824024596070102,10.443487426531613,3.999999761581421,summer,2025-06-10
17,0.9252905249595642,-0.9252905249595642,0.9,0.8999999999999999,0.40000063956600046,3.4200131615591545e-09,-3.885780586188048e-16,8.501624931524765,8.501624931524765,-0.0,1.5,105.27000000000001,5.215518362259514,894.966056541612,-0.0,7.823277543389271,1.7000290064572707e-16,4.513946670425007,14.604194641113281,14.806964874267578,4655.838476960891,6.488366611646069,4649.350110349245,3.0,17.000000059604645,0.9999999403953552,2.000000014901161,105.27000263750554,5.215518541759799,8.501624912023544,0.8999999999999999,0.0,89.72,223.23000127717853,0.0,20.000000059604645,0.009999117851258177,13.000000029802322,0.12824024596070102,10.443487426531613,2.9999998211860657,summer,2025-06-10
18,0.9829193353652954,-0.9829193353652954,0.9,0.9,0.40000063956600046,3.4200131615591545e-09,-0.0,6.426440426015559,6.426440426015559,-0.0,1.5,135.47,4.444831834152893,870.5898845123278,-0.0,6.66724775122934,0.0,4.386285661317785,10.461366653442383,10.677902221679688,5533.095609224448,6.488366611646069,5526.607242612802,2.0,17.999999821186066,0.9999999403953552,2.000000014901161,135.46999856762588,4.444831806210488,6.426440477371216,0.9,0.0,89.72,223.23000127717853,0.0,20.000000059604645,0.009999117851258177,13.000000029802322,0.12824024596070102,10.443487426531613,1.9999998807907104,summer,2025-06-10
19,1.0,1.0,0.4581737849779087,0.9,0.40000063956600046,0.4418262150220913,1.5,3.5616539224555206,3.5616539224555206,1.5,0.0,195.55,3.2931597202617375,696.4814245361771,293.32500000000005,0.0,16.406249999999996,4.867000872680886,5.532401084899902,5.4356842041015625,6522.902033760624,22.894616611646065,6500.007417148979,0.0,19.0000002682209,0.9999999403953552,2.000000014901161,195.54999939210714,3.29315968963933,3.5616539418697357,0.9,0.0,89.72,223.23000127717853,0.0,20.000000059604645,0.009999117851258177,13.000000029802322,0.12824024596070102,10.443487426531613,0.0,summer,2025-06-10
20,1.0,1.0,0.1,0.4581737849779087,0.40000063956600046,0.8,1.2536082474226806,1.2867058987896438,1.2867058987896438,1.2536082474226806,0.24639175257731938,223.23,10.443487233858393,287.23135778681217,279.842969072165,2.573189122569231,27.422680412371133,2.7111241778458766,0.7396383881568909,2.1402790546417236,7092.549549742171,50.31729702401719,7042.232252718153,0.0,20.000000029802322,0.9999999403953552,2.000000014901161,223.2300004144013,10.44348724558134,1.286705732345581,0.4581737849779087,0.4418262168765068,89.72,223.23000127717853,0.0,20.000000059604645,0.009999117851258177,13.000000029802322,0.12824024596070102,10.443487426531613,0.0,summer,2025-06-10
21,0.999473512172699,0.999473512172699,0.1,0.1,0.40000063956600046,0.8,0.0,0.0,0.0,0.0,0.0,137.32,1.2799123600866034,0.0,0.0,0.0,0.0,0.0,-1.7459851503372192,-1.0223313570022583,7092.549549742171,50.31729702401719,7042.232252718153,0.0,20.999999791383743,0.9999999403953552,2.000000014901161,137.31999906420708,1.2799124790162064,0.0,0.1,0.800000011920929,89.72,223.23000127717853,0.0,20.000000059604645,0.009999117851258177,13.000000029802322,0.12824024596070102,10.443487426531613,0.0,summer,2025-06-10
22,6.832014121105345e-11,-6.832014121105345e-11,0.10000000002840166,0.1,0.40000063956600046,0.8,-1.0248021181658018e-10,0.0,0.0,-1.0248021181658018e-10,0.0,101.79999999999998,0.43825792874560743,0.0,-1.043248556292786e-08,0.0,2.241754633487691e-09,-6.337120098207776e-11,-1.0589416027069092,-0.8313547968864441,7092.549549731738,50.31729702625895,7042.232252705479,21.0,22.00000023841858,0.9999999403953552,2.000000014901161,101.79999719828368,0.4382574418954047,0.0,0.1,0.800000011920929,89.72,223.23000127717853,0.0,20.000000059604645,0.009999117851258177,13.000000029802322,0.12824024596070102,10.443487426531613,21.0,summer,2025-06-10
23,1.4058666340452386e-12,-1.4058666340452386e-12,0.1000000000289861,0.10000000002840166,0.40000063956600046,0.8,-2.108799951067858e-12,0.0,0.0,-2.108799951067858e-12,9.9405796094576e-11,93.47999999999999,0.12948529712938342,0.0,-1.9713061942582332e-10,1.2871589043689075e-11,4.6129998929609385e-11,-1.1519451465587182e-12,-0.9830911755561829,0.010498441755771637,7092.549549731553,50.31729702630508,7042.232252705248,21.0,23.0,0.9999999403953552,2.000000014901161,93.4800002154708,0.12948492332407116,0.0,0.10000000002840166,0.800000011920929,89.72,223.23000127717853,0.0,20.000000059604645,0.009999117851258177,13.000000029802322,0.12824024596070102,10.443487426531613,21.0,summer,2025-06-10
0,3.463565832794238e-14,-3.463565832794238e-14,0.5000000000000144,0.5,1.4432899320127035e-14,0.0,-5.195348749191357e-14,0.0,0.0,-5.195348749191357e-14,1.4000000000000001,101.12,0.0,0.0,-5.253536655182301e-12,0.0,2.2729650777712185e-14,-2.6381331529800067e-14,-25.450576782226562,-25.33836555480957,-5.253536655182301e-12,2.2729650777712185e-14,-5.276266305960013e-12,8.0,0.0,0.9999999403953552,3.0,101.11999867379666,0.0,0.0,0.5,0.0,280.06,214.64999915987252,8.000000059604645,19.00000000745058,90.57999830067158,3.0000000596046448,0.0,3.4835897372335056,7.999999992549419,fall,2025-10-07
1,6.953504994022808e-10,-6.953504994022808e-10,0.5000000002890815,0.5000000000000144,2.890815364864352e-10,0.0,-1.0430257491034212e-09,0.0,0.0,-1.0430257491034212e-09,1.4000000000000505,94.35999999999999,0.0,0.0,-9.84199096853988e-08,0.0,4.563237652327467e-10,-4.943811672531577e-10,-35.38054656982422,-34.44773483276367,-9.842516322205398e-08,4.563464948835244e-10,-9.88815097169375e-08,7.0,0.9999997615814209,0.9999999403953552,3.0,94.35999793007971,0.0,0.0,0.5000000000000144,0.0,280.06,214.64999915987252,8.000000059604645,19.00000000745058,90.57999830067158,3.0000000596046448,0.0,3.4835897372335056,6.999999895691872,fall,2025-10-07
2,3.729416775399841e-11,-3.729416775399841e-11,0.5000000003045852,0.5000000002890815,3.045852459138132e-10,0.0,-5.594125163099761e-11,0.0,0.0,-5.594125163099761e-11,1.4000000010117855,90.95,0.0,0.0,-5.087856835839233e-09,0.0,2.4474297588561452e-11,-2.5561655667138973e-11,-37.9429817199707,-38.41047668457031,-1.0351302005789321e-07,4.808207924720858e-10,-1.039938408503653e-07,6.0,2.0000002086162567,0.9999999403953552,3.0,90.9499979992211,0.0,0.0,0.5000000002890815,0.0,280.06,214.64999915987252,8.000000059604645,19.00000000745058,90.57999830067158,3.0000000596046448,0.0,3.4835897372335056,5.999999955296516,fall,2025-10-07
3,0.4641994535923004,-0.4641994535923004,0.6929743445836701,0.5000000003045852,0.19297434458367013,0.0,-0.6962991803884506,0.0,0.0,-0.6962991803884506,1.4000000010660485,90.58000000000001,0.0,0.0,-63.07077975958587,0.0,1.5231544570997355,-0.322969671083428,-30.66224479675293,-33.5284423828125,-63.070779863098885,1.5231544575805562,-64.59393432067944,5.0,2.9999999701976776,0.9999999403953552,3.0,90.58000237315893,0.0,0.0,0.5000000003045852,0.0,280.06,214.64999915987252,8.000000059604645,19.00000000745058,90.57999830067158,3.0000000596046448,0.0,3.4835897372335056,4.999999701976776,fall,2025-10-07
4,0.9999998807907104,-0.9999998807907104,0.8937892303375101,0.6929743445836701,0.3937892303375101,0.0,-0.7245897939571546,0.0,0.0,-0.7245897939571546,1.5,94.64000000000001,0.25222887271838457,0.0,-68.57517810010512,0.37834330907757685,6.340160697125102,-0.37268497744076323,-22.09546661376953,-23.008827209472656,-131.26761465412645,7.863315154705658,-139.1309298088321,4.0,3.9999997317790985,0.9999999403953552,3.0,94.63999807432293,0.25222898113915615,0.0,0.6929743445836701,0.19297435879707336,280.06,214.64999915987252,8.000000059604645,19.00000000745058,90.57999830067158,3.0000000596046448,0.0,3.4835897372335056,3.999999761581421,fall,2025-10-07
5,0.9999264478683472,-0.9999264478683472,0.8998136769101254,0.8937892303375101,0.39981367691012537,0.0,-0.021737693818714654,0.0,0.0,-0.021737693818714654,1.5,97.82,0.39764653913255466,0.0,-2.1263812093466674,0.596469808698832,0.19020482091375318,-0.008600581107807943,-8.718574523925781,-6.989128589630127,-132.79752605477427,8.05351997561941,-140.8510460303937,3.0,5.000000178813934,0.9999999403953552,3.0,97.82000245124101,0.3976463073909512,0.0,0.8937892303375101,0.39378923177719116,280.06,214.64999915987252,8.000000059604645,19.00000000745058,90.57999830067158,3.0000000596046448,0.0,3.4835897372335056,2.9999998211860657,fall,2025-10-07
6,0.9905452728271484,-0.9905452728271484,0.8999944103073038,0.8998136769101254,0.39999441030730376,0.0,-0.0006521308145612803,0.0,0.0,-0.0006521308145612803,1.5,131.94,0.24450758069639233,0.0,-0.08604213967321532,0.3667613710445885,0.005706144627411202,0.0013750654337198098,29.059940338134766,41.02360534667969,-132.5168068234029,8.059226120246821,-140.57603294364972,2.0,5.999999940395355,0.9999999403953552,3.0,131.94000040076673,0.24450764449864676,0.0,0.8998136769101254,0.399813674390316,280.06,214.64999915987252,8.000000059604645,19.00000000745058,90.57999830067158,3.0000000596046448,0.0,3.4835897372335056,1.9999998807907104,fall,2025-10-07
7,1.0,1.0,0.45816819528521247,0.8999944103073038,0.4418262150220913,0.0,1.5,0.8973429513556244,0.8973429513556244,1.5,0.0,227.30000000000004,0.8030143702871015,203.96605284313344,340.95000000000005,0.0,16.406249999999996,2.642549014215667,73.70851135253906,77.30183410644531,412.3992460197306,24.46547612024682,387.93376989948376,0.0,7.000000044703484,0.9999999403953552,3.0,227.30000022880736,0.8030139514224117,0.8973428606987,0.8999944103073038,0.3999944105744362,280.06,214.64999915987252,8.000000059604645,19.00000000745058,90.57999830067158,3.0000000596046448,0.0,3.4835897372335056,0.0,fall,2025-10-07
8,1.0,1.0,0.1,0.45816819528521247,0.7999944103073038,0.0,1.2535886834982437,2.709660660396611,2.709660660396611,1.2535886834982437,0.2464113165017563,280.06000000000006,2.4000349368356466,758.8675645506751,351.0800467005182,0.5913957684358812,27.422252451524077,5.415583772840526,80.6852798461914,75.6930923461914,1522.9382530393596,51.88772857177089,1471.0505244675887,0.0,8.000000149011612,0.9999999403953552,3.0,280.0599968259037,2.4000344713850685,2.709660530090332,0.45816819528521247,0.4418262168765068,280.06,214.64999915987252,8.000000059604645,19.00000000745058,90.57999830067158,3.0000000596046448,0.0,3.4835897372335056,0.0,fall,2025-10-07
9,1.0,1.0,0.1,0.1,0.7999944103073038,0.0,0.0,5.01164537792852,5.01164537792852,0.0,0.0,202.15999999999997,2.599501647403757,1013.1542296020294,0.0,0.0,0.0,5.065771148010147,65.19547271728516,58.66575622558594,2536.0924826413893,51.88772857177089,2484.2047540696185,0.0,9.000000081956387,0.9999999403953552,3.0,202.16000074323267,2.5995011541204294,5.011645406484604,0.1,0.7999944090843201,280.06,214.64999915987252,8.000000059604645,19.00000000745058,90.57999830067158,3.0000000596046448,0.0,3.4835897372335056,0.0,fall,2025-10-07
10,1.745400481922843e-07,-1.745400481922843e-07,0.10000007255879147,0.1,0.7999944103073038,0.0,-2.6181007228842645e-07,7.071863383046619,7.071863121236547,-0.0,0.0,145.77,1.9856589316554438,1030.8654871826516,-0.0,0.0,5.727095331309328e-06,5.154327407277781,49.34819793701172,49.0152473449707,3566.9579698240404,51.88773429886622,3515.070235525174,9.0,10.000000014901161,0.9999999403953552,3.0,145.77000159144401,1.9856584326333282,7.071863394230604,0.1,0.7999944090843201,280.06,214.64999915987252,8.000000059604645,19.00000000745058,90.57999830067158,3.0000000596046448,0.0,3.4835897372335056,8.999999932944775,fall,2025-10-07
11,2.0528985089640628e-07,-2.0528985089640628e-07,0.1000001579007152,0.10000007255879147,0.7999944103073038,0.0,-3.079347763446094e-07,9.047296222565365,9.047295914630588,-0.0,2.539557701145001e-07,133.48,1.2572837175809257,1207.6330586848908,-0.0,3.1929445475068566e-07,6.73607323253833e-06,6.038165261340561,38.88383483886719,39.0209846496582,4774.591028828226,51.88774103493945,4722.703287793286,8.0,10.999999990686774,0.9999999403953552,3.0,133.48000119410457,1.2572837314564695,9.047296196222305,0.10000007255879147,0.7999944090843201,280.06,214.64999915987252,8.000000059604645,19.00000000745058,90.57999830067158,3.0000000596046448,0.0,3.4835897372335056,7.999999992549419,fall,2025-10-07
12,5.466569564305246e-05,-5.466569564305246e-05,0.10002288321133253,0.1000001579007152,0.7999944103073038,2.2725310617324745e-05,-8.199854346457869e-05,8.149873070714781,8.149791072171316,-0.0,5.526525031912533e-07,115.16,1.1350299272327287,938.5299398712488,-0.0,6.272771304821536e-07,3.587436276575317e-05,4.692649523120815,29.074113845825195,28.82242774963379,5713.120969326752,51.88777690930222,5661.23319241745,7.0,12.000000009313226,0.9999999403953552,3.0,115.16000316783786,1.1350304151262027,8.149873092770576,0.1000001579007152,0.0,280.06,214.64999915987252,8.000000059604645,19.00000000745058,90.57999830067158,3.0000000596046448,0.0,3.4835897372335056,6.999999895691872,fall,2025-10-07
13,0.002201223047450185,-0.002201223047450185,0.1009379630782011,0.10002288321133253,0.7999944103073038,0.0009378051774859009,-0.0033018345711752772,9.327721084335892,9.324419249764716,-0.0,8.009123966382786e-05,110.93,0.6563098218692658,1034.3578273764,-0.0,5.256466723705554e-05,0.0014445526248891836,5.171782176942212,21.884233474731445,21.10004997253418,6747.478849267818,51.88922146192711,6695.589627805891,6.0,12.999999985098839,0.9999999403953552,3.0,110.92999825000763,0.6563095670908463,9.327721036970615,0.10002288321133253,2.2739171981811523e-05,280.06,214.64999915987252,8.000000059604645,19.00000000745058,90.57999830067158,3.0000000596046448,0.0,3.4835897372335056,5.999999955296516,fall,2025-10-07
14,0.02624475210905075,-0.02624475210905075,0.11184828145496363,0.1009379630782011,0.7999944103073038,0.011848123554248427,-0.039367128163576126,7.758680293349703,7.719313165186127,-0.0,0.0032828707737038443,110.4,1.4760536582040138,852.2121734365484,-0.0,0.004845693414936601,0.01722311857156455,4.260998980056959,14.894632339477539,14.18733024597168,7599.695868397782,51.90644458049867,7547.789423817283,5.0,13.999999918043613,0.9999999403953552,3.0,110.40000071570279,1.4760532498740473,7.758680284023285,0.1009379630782011,0.0009378194808959961,280.06,214.64999915987252,8.000000059604645,19.00000000745058,90.57999830067158,3.0000000596046448,0.0,3.4835897372335056,4.999999701976776,fall,2025-10-07
15,0.00028609533910639584,-0.00028609533910639584,0.11196721537450643,0.11184828145496363,0.7999944103073038,0.011967057473791232,-0.00042914300865959376,5.77719649549795,5.776767352489291,-0.0,0.041468985092372686,118.4,2.271346736469123,683.969254534732,-0.0,0.0941904439542474,0.00018775006628857224,3.4203162861431,9.246681213378906,9.242341995239258,8283.759313376468,51.90663233056496,8231.852681045903,4.0,14.999999850988388,0.9999999403953552,3.0,118.40000027239324,2.2713468764940625,5.777196474373341,0.11184828145496363,0.011848121881484985,280.06,214.64999915987252,8.000000059604645,19.00000000745058,90.57999830067158,3.0000000596046448,0.0,3.4835897372335056,3.999999761581421,fall,2025-10-07
16,0.030573245137929916,-0.030573245137929916,0.12467695013898873,0.11196721537450643,0.7999944103073038,0.02467679223827353,-0.045859867706894875,4.189453766969578,4.143593899262683,-0.0,0.0418852538107725,126.93,3.4835895839217668,525.9463736334123,-0.0,0.14591103389512658,0.020063692121766504,2.6303611048759286,5.082592964172363,5.720587730407715,8809.851598043775,51.92669602268673,8757.924902021088,3.0,15.999999955296516,0.9999999403953552,3.0,126.93000055857004,3.483589646187246,4.189453795552254,0.11196721537450643,0.011967062950134277,280.06,214.64999915987252,8.000000059604645,19.00000000745058,90.57999830067158,3.0000000596046448,0.0,3.4835897372335056,2.9999998211860657,fall,2025-10-07
17,0.42103174328804016,-0.42103174328804016,0.29970586056301685,0.12467695013898873,0.7999944103073038,0.19970570266230164,-0.6315476149320602,1.8788559968746705,1.2473083819426103,-0.0,0.08636932548646054,150.67,1.1594806853023691,187.93195390729306,-0.0,0.10014356470414464,1.3815104076638816,0.9332529353216666,2.3065667152404785,3.0161139965057373,8997.883695515773,53.30820643035061,8944.575489085422,2.0,17.000000059604645,0.9999999403953552,3.0,150.67000092051924,1.1594804712893882,1.878856122493744,0.12467695013898873,0.024676799774169922,280.06,214.64999915987252,8.000000059604645,19.00000000745058,90.57999830067158,3.0000000596046448,0.0,3.4835897372335056,1.9999998807907104,fall,2025-10-07
18,1.0,1.0,0.1,0.29970586056301685,0.7999944103073038,0.19970586056301684,0.6989705119705589,0.0,0.0,0.6989705119705589,0.6989705119705589,204.46,0.6524491758582687,0.0,142.9115108775005,0.4560427344844233,1.5289979949355974,0.7091927780852465,1.0221914052963257,1.122767448425293,9141.251249127758,54.8372044252862,9086.414044702471,0.0,17.999999821186066,0.9999999403953552,3.0,204.45999941758814,0.6524494046896482,0.0,0.29970586056301685,0.19970569014549255,280.06,214.64999915987252,8.000000059604645,19.00000000745058,90.57999830067158,3.0000000596046448,0.0,3.4835897372335056,0.0,fall,2025-10-07
19,0.9999998807907104,0.9999998807907104,0.1,0.1,0.7999944103073038,0.19970586056301684,0.0,0.0,0.0,0.0,0.0,214.65,0.012868820036653121,0.0,0.0,0.0,0.0,0.0,0.091305673122406,0.013926126062870026,9141.251249127758,54.8372044252862,9086.414044702471,0.0,19.0000002682209,0.9999999403953552,3.0,214.64999873310327,0.01286855712147798,0.0,0.1,0.19970586895942688,280.06,214.64999915987252,8.000000059604645,19.00000000745058,90.57999830067158,3.0000000596046448,0.0,3.4835897372335056,0.0,fall,2025-10-07
20,0.9998794794082642,0.9998794794082642,0.1,0.1,0.7999944103073038,0.19970586056301684,0.0,0.0,0.0,0.0,0.0,146.42,0.9960466708368851,0.0,0.0,0.0,0.0,0.0,-0.30094897747039795,-0.46615514159202576,9141.251249127758,54.8372044252862,9086.414044702471,0.0,20.000000029802322,0.9999999403953552,3.0,146.42000055693092,0.9960463555970336,0.0,0.1,0.19970586895942688,280.06,214.64999915987252,8.000000059604645,19.00000000745058,90.57999830067158,3.0000000596046448,0.0,3.4835897372335056,0.0,fall,2025-10-07
21,2.245317863927565e-12,-2.245317863927565e-12,0.10000000000093341,0.1,0.7999944103073038,0.19970586056301684,-3.3679767958913476e-12,0.0,0.0,-3.3679767958913476e-12,0.0,123.23999999999998,0.14670454841783578,0.0,-4.150694603256496e-10,0.0,7.367449241012321e-12,-2.1121845478333096e-12,-0.41655629873275757,-0.36185601353645325,9141.251249127343,54.83720442529357,9086.414044702049,21.0,20.999999791383743,0.9999999403953552,3.0,123.2399972882867,0.14670438433156544,0.0,0.1,0.19970586895942688,280.06,214.64999915987252,8.000000059604645,19.00000000745058,90.57999830067158,3.0000000596046448,0.0,3.4835897372335056,21.0,fall,2025-10-07
22,1.704306590603541e-13,-1.704306590603541e-13,0.10000000000100426,0.10000000000093341,0.7999944103073038,0.19970586056301684,-2.5564598859053114e-13,0.0,0.0,-2.5564598859053114e-13,3.266921455580274e-12,107.41999999999999,0.2136224126084271,0.0,-2.7461492094394853e-11,6.978876431432925e-13,5.592256000417868e-13,-1.3661415025646674e-13,-0.32437843084335327,-0.37444502115249634,9141.251249127316,54.83720442529413,9086.414044702022,21.0,22.00000023841858,0.9999999403953552,3.0,107.42000191926957,0.21362229793660917,0.0,0.10000000000093341,0.19970586895942688,280.06,214.64999915987252,8.000000059604645,19.00000000745058,90.57999830067158,3.0000000596046448,0.0,3.4835897372335056,21.0,fall,2025-10-07
23,1.1348151015893801e-13,-1.1348151015893801e-13,0.10000000000105143,0.10000000000100426,0.7999944103073038,0.19970586056301684,-1.7022226523840701e-13,0.0,0.0,-1.7022226523840701e-13,3.5148828292363987e-12,97.47999999999999,0.19303230054978363,0.0,-1.6593266415439914e-11,6.784859186904343e-13,3.723612052090153e-13,-8.143570850979248e-14,-0.5899683833122253,0.11337999254465103,9141.251249127301,54.8372044252945,9086.414044702007,21.0,23.0,0.9999999403953552,3.0,97.4800031889975,0.1930324041746218,0.0,0.10000000000100426,0.19970586895942688,280.06,214.64999915987252,8.000000059604645,19.00000000745058,90.57999830067158,3.0000000596046448,0.0,3.4835897372335056,21.0,fall,2025-10-07
